page_name,meta_title,meta_description,h1
Seordp.net,Best Group Buy SEO Tools 2024 | Group Buy SEO Tools,SEMrush Group Buy is a tool that analyzes all indicators of a popular website - Price is 2$/month for Guru-Unlimitted. SEMrush Pro Group Buy Get started at seordp...,Best Group Buy SEO Tools – Save Up to 90%
Blog,Blog | Group Buy SEO Tools – Best Price at Low Cost,"SEORDP Best Group buy seo tools Provider, Check out the best group buy SEO tools provider, We offer some of the best prices on the market",Blog – SEO Tips & Group Buy Updates
Products,Products | Group Buy SEO Tools – Best Price,Looking for a great deal on SEO tools? Look no further than Rytr.me's unlimited group buy! Rytr.me Unlimited Group buy | SEO tools by SEORDP,Products – All SEO Tools in One Place
Pages,Pages | Group Buy SEO Tools – Best Price,"Frase.io Group Buy, Frase.io Group Buy | SEO Tools | The Best AI Writer on the Market | Group Buy SEO Tools, Frase.io cheap at SEORDP",Pages – Browse All Resources
Single Tools List,Single Tools List | Group Buy SEO Tools – Best Price,"In the quest for online success, businesses and digital marketers are always in pursuit of cost-effective solutions to optimize their websites. Among the Get star...",Single Tools List – Pick Any Tool
Contact Us,Contact Us | Group Buy SEO Tools – Best Price,"ChatGPT Premium Group buy | Unlimited Access | 4$ month @ ChatGPT Group buy, ChatGPT is an artificial intelligence chatbot, SEORDP",Contact Us – Get Help Fast
Editorial Guidelines,Editorial Guidelines | Group Buy SEO Tools,Get Storyblocks group buy at low price 3$ per month. Get Instant Access. Storyblocks group buy. Best group buy website. Storyblocks Get started at seor...,Editorial Guidelines – Quality Standards
About Us,About Us | Group Buy SEO Tools – Best Price,VidIQ Group Buy is an add-on and extension tool created by expert strategists with many years of experience in the online video platform. Get started at seordp.net.,About Us – Trusted Group Buy Provider
Terms Of Service,Terms Of Service | Group Buy SEO Tools – Best Price,"WordHero group buy is the #1 AI writing software tool for business owners, marketers, and writers. Wordhero group buy starting just $1 per day. Get started at seo...",Terms of Service – Clear & Fair
Privacy Policy,Privacy Policy | Group Buy SEO Tools – Best Price,Pictory Group Buy | Pictory uses AI to easily convert long-form video and text content into short branded videos for social media. Group Buy Tools Get started at ...,Privacy Policy – Your Data Protected
Designer Plan,Designer Plan Group Buy – Full Features at Low Price,Nichesss Group buy at Cheap Prices. Nichesss is an Ai writer that creates SEO-friendly content for blog. Unlimited Niches$$ Group buy Get started at seordp.net.,Designer Plan Group Buy – Best Price
Cart,Cart | Group Buy SEO Tools – Best Price at Low Cost,Texta.ai Group buy at Cheap Prices. Texta.ai is an Ai writer that creates SEO-friendly content for blog. Texta.ai Features in Plan. Unlimited Access Get started a...,Cart – Your Selected Tools
Refund Returns,Refund Returns | Group Buy SEO Tools – Best Price,Writersonic Group buy at Cheap Prices. Writersonic is an Ai writer that creates SEO-friendly content for blog. Writersonic Features in Plan. Get started at seordp...,Refund & Returns – Risk-Free
Return And Refund Policy,Return And Refund Policy | Group Buy SEO Tools,"Copygenius Group Buy, Best High-Quality Content Generator, CopyGenius Group Buy are the perfect tools to help you create the best content. Get started at seordp.net.",Return and Refund Policy – Easy Process
Pricing Plans,Pricing Plans | Group Buy SEO Tools – Best Price,Get Wordtune group buy at low price 1$ per month. Get Instant Access. Wordtune group buy. Best group buy website Get started at seordp.net.,Pricing Plans – Choose Your Plan
SEO Tools List,SEO Tools List | Group Buy SEO Tools – Best Price,"WordHero group buy is the #1 AI writing software tool for business owners, marketers, and writers. Wordhero group buy starting just $1 per day. Get started at seo...",SEO Tools List – 50+ Tools
Introduction To Group Buy SEO Tools,Introduction To Group Buy SEO Tools Group Buy – Cheap Price,wordai group buy is a tool to spin a paragraph or sentence to help you save time when you write content. Wordai Group buy Get started at seordp.net.,Introduction To Group Buy SEO Tools Group Buy – Best Price
DMCA Policy,DMCA Policy | Group Buy SEO Tools – Best Price,"Invideo Yearly Cheap - Stop spending thousands on video creation. Boost your video marketing with our easy-to-use, time-saving, Invideo Group Buy Get started at s...",DMCA Policy – Copyright Notice
Get Support,Get Support | Group Buy SEO Tools – Best Price,"Keywordtool.io Group Buy helps you determine the number of monthly searches globally, worldwide, and it also offers you many related keywords. Get started at ...",Get Support – 24/7 Help
Combo SEO Tools Small,Combo SEO Tools Small Group Buy – Premium SEO Tool Access,"Closercopy Group Buy creates most Profitable Sales Copy Of All-Time Reverse-Engineered Into Artificial Intelligence, Closercopy Group Buy Get started at seordp.net.",Combo SEO Tools Small Group Buy – Full Access
Ahrefs,Ahrefs Group Buy – Backlinks & Keyword Research | SEORDP,"Buzzsumo group buy provides the cheapest quality SEO tool in the world, we are committed to SEO tools at all times. Only $ 4.95 / month. Get started at seordp.net.",Ahrefs Group Buy – Cheap Premium Access
Combo SEO Tools Ecom Plan,Combo SEO Tools Ecom Plan Group Buy – Ecom & Seller Pack | SEORDP,"Articlebuilder - Cheap Group Buy Seo Tools Provider, Articlebuilder is a group buy SEO tools that helps you rank higher in the search engines 😃 Get started at seo...",Combo SEO Tools Ecom Plan Group Buy – Save on Premium Tools
Combo Mega Pack Tools,Combo Mega Pack Tools Group Buy – Mega Bundle Access | SEORDP,Get Indexification group buy at low price 2$ per month. Get Instant Access. Indexification group buy. Best group buy website Get started at seordp.net.,Combo Mega Pack Tools Group Buy – Best Price
Combo SEO Tools Basic Plan,Combo SEO Tools Basic Plan Group Buy – Basic Bundle Access | SEORDP,Udemy unlimited business account buy at cheap price just for 4$ per month. Watch unlimited content on Udemy at affordable cost. Udemy GRoup buy Get started at seo...,Combo SEO Tools Basic Plan Group Buy – Affordable Pro Access
Cheapest Group Buy SEO Tools Provide 100 Premium Tools,Cheapest Group Buy SEO Tools Provide 100 Premium Tools Group,Get Moz Pro group buy at low price 2$ per month. Get Instant Access. Moz Pro group buy. Best group buy website Get started at seordp.net.,Cheapest Group Buy SEO Tools Provide 100 Premium Tools at Low Price
Shop,Shop | Group Buy SEO Tools – Best Price at Low Cost,"Copymatic Group Buy | SEORDP, Get a Copymatic group buy and get the tools you need to succeed! Join the group buy to get a discount on copymatic.ai premium",Shop – Premium Tools at Low Cost
Terms And Conditions,Terms And Conditions | Group Buy SEO Tools,Get Quillbot group buy at low price 1.49$ per month. Get Instant Access. Quillbot group buy. Best group buy website. SEORDP,Terms and Conditions – Your Rights
Single SEO Tools,Single SEO Tools | Group Buy SEO Tools – Best Price,Copymatic.ai is a powerful software that helps businesses automate the process of creating PDFs and other types of documents. It’s a great tool for companies Get ...,Single SEO Tools – One Tool Access
AI SEO Tools,AI SEO Tools Group Buy – 50+ AI Tools Bundle | SEORDP,"There are a lot of SEO tools out there that can help improve your website’s visibility on the internet. However, many of these tools can be quite expensive. Get s...",AI SEO Tools Group Buy – Best Price
Affordable Ahrefs Group Buy Boost Your SEO Strategy,Affordable Ahrefs Group Buy Boost Your SEO Strategy Group,"If you’re in the market for affordable group buy tools, SEORDP is the place to go. Not only does this website offer some of the best deals on group buy",Affordable Ahrefs Group Buy Boost Your SEO Strategy – Affordable Pro Access
Group Buy SEO Tools Affordable Access To Premium Features,Group Buy SEO Tools Affordable Access To Premium Features,What is SEO Group Tool Get started at seordp.net.,Group Buy SEO Tools Affordable Access To Premium Features at Low Price
The Ultimate Guide To SEO Tools Group Buy Save Big On Premium SEO Tools,The Ultimate Guide To SEO Tools Group Buy Save Big On,"Looking for cheap group buy tools? Look no further than Frase.io! Their tools make it easy to create and manage your groups, with features like automatic Get star...",The Ultimate Guide To SEO Tools Group Buy Save Big On Premium SEO Tools Group Buy – Full Access
AI Content Labs,AI Content Labs Group Buy – AI Writer & Research Suite | SEORDP,"Welcome to Best Group Buy Seo Tools - The best place to buy SEO tools at affordable prices. We provide access to 35+ SEO tools including Copymatic, Moz, Get start...",AI Content Labs Group Buy – Cheap Premium Access
Writer Plan,Writer Plan Group Buy – Content & Long-Form SEO Pack | SEORDP,"SEORDP is the best group buy SEO tools provider in 2025, and it offers 60+ SEO Tools like Ahrefs, SEMrush cheaper than other group buy providers",Writer Plan Group Buy – Save on Premium Tools
Lite Plan,Lite Plan Group Buy – Best Price | SEORDP,"Learn about Claude Code, agentic coding tool that works in your terminal, IDE, desktop app, and browser to help you turn ideas into code faster Get started at seo...",Lite Plan Group Buy – Best Price
Mega Plan,Mega Plan Group Buy – Affordable Pro Access | SEORDP,Access premium SEO tools at seordp.net.,Mega Plan Group Buy – Affordable Pro Access
Ahrefs Combo,Ahrefs Combo Group Buy – Shared & Private Plans | SEORDP,Daily Credits: 50 credits Get started at seordp.net.,Ahrefs Combo Group Buy – at Low Price
Small Plan,Small Plan Group Buy – Full Access | SEORDP,"hailuo ai Group Buy | Unlimited Download, Get it on Very Cheap Prices, No limit hailuo ai Group Buy, hailuo ai Group Buy | SEORDP Premium",Small Plan Group Buy – Full Access
Heygen,Heygen Group Buy – Cheap Premium Access | SEORDP,"seranking group buy, seranking at cheap price, seranking unlimited plan, seranking Get started at seordp.net.",Heygen Group Buy – Cheap Premium Access
Helloscribe AI,Helloscribe AI Group Buy – Cheap Helloscribe AI Access,"Sora ai Group Buy, Unlimited plan available at cheap price, Sora ai unlimited plan, Sora ai Group Buy, Sora ai at cheap price, Sora ai Pro plan Get started at seo...",Helloscribe AI Group Buy – Save on Premium Tools
Glorify,Glorify Group Buy – Pro Access at Low Cost,"👉 Vyond Group Buy: Unlimited Access at an Cheap Price! 🔥Get Vyond group buy at very cheap price, Vyond Group Buy Video Animation Softwar Get started at seordp.net.",Glorify Group Buy – Best Price
Hashtagforlikes,Hashtagforlikes Group Buy – Unlimited Access at Best Price,"Heygen ai Group Buy, Generate unlimited video both creaitor and team plan available, heygen at cheap price, heygen group buy, Heygen Get started at seordp.net.",Hashtagforlikes Group Buy – Affordable Pro Access
Harpa AI,Harpa AI Group Buy – Premium Features Low Price,"Talk with Claude, an AI assistant from Anthropic. Claude ai Premium plan, Claude AI Copywriting tool - Group buy at Cheap Price Get started at seordp.net.",Harpa AI Group Buy – at Low Price
Growthbarseo,Growthbarseo Group Buy – Full Access | seordp,Unlimited Plan Get started at seordp.net.,Growthbarseo Group Buy – Full Access
Pipppiads,Pipppiads Group Buy – Best Price Premium Access,"ChatGPT Plus Group buy | Unlimited Access | ChatGPT Plus Group buy, ChatGPT is an artificial intelligence chatbot, ChatGPT Premium Group buy Get started at seordp...",Pipppiads Group Buy – Cheap Premium Access
Graphic Stock,Graphic Stock Group Buy – Low Cost Pro Plan,"your content go beyond text with our realistic AI voices. Generate high-quality spoken audio in any voice, style, and language. Elevenlabs Group buy Get started a...",Graphic Stock Group Buy – Save on Premium Tools
Gptzero Me,Gptzero Me Group Buy – Affordable Access | seordp,Pictory Group Buy | Pictory uses AI to easily convert longform video and text content into short branded videos for social media Pictory ai Group Buy Get started ...,Gptzero Me Group Buy – Best Price
Gorails,Gorails Group Buy – Save on Premium Tools,"Group buy SEO tools share 50+ quality best SEO Tools: Ai Tools, Ahrefs, SEMrush with the cheapest, Best Group buy tools Provider, SEORDP",Gorails Group Buy – Affordable Pro Access
Vyond,Vyond Group Buy – Instant Access at Low Price,"Capcut group buy is an all-in-one video editor and graphic design tool powered by AI, designed to simplify the video creation process. Get started at seordp.net.",Vyond Group Buy – at Low Price
Glorify Group Buy Review,Glorify Group Buy Review Group Buy – 99% Uptime | seordp,"Writesonic AI Copywriting tool - Group buy at Cheap Price, Writesonic ai Group Buy, Truely Unlimited Plan, All Option Unlimited credit, 99% uptime Get started at ...",Glorify Group Buy Review Group Buy – Full Access
Getwsodo,Getwsodo Group Buy – Pro Plan at Best Price,"🎨 Get Leonardo AI Group Buy Maestro Unlimited Plan for Only $5, Leonardo AI is a feature-packed generative AI tool for creating AI art. Get started at seordp.net.",Getwsodo Group Buy – Cheap Premium Access
Get Stencil,Get Stencil Group Buy – Premium Access Cheap,Adobe Stock Group Buy: Enjoy Unlimited Downloads. Adobe Creative Cloud Group Buy: Buy for just $3/month. Download unlimited premium assets Get started at seordp.net.,Get Stencil Group Buy – Save on Premium Tools
Freshdrop,Freshdrop Group Buy – Group Buy at Low Cost,Lovo ai Studio Team Plan Get started at seordp.net.,Freshdrop Group Buy – Best Price
Frase IO,Frase IO Group Buy – Full Pro Access | seordp,"Play.ht Group Buy For All Feature | Play.ht group buy at very cheap price Unlimited plan, Pro unlimited Characters, voice cloning, very cheap price Get started at...",Frase IO Group Buy – Affordable Pro Access
Fotor,Fotor Group Buy – Best Price Access | Group Buy SEO Tools,"Use Surfer to research, audit, write, optimize and generate SEO optimized articles in 20 minutes. ,SurferSeo Group buy at Cheap Prices. SurferSeo Get started at s...",Fotor Group Buy – at Low Price
Fotojet,Fotojet Group Buy – Low Price Premium | Group Buy SEO Tools,"Create professional voice overs with the leading enterprise-grade AI Voice Generator. Wellsaidlabs Group Buy, wellsaid labs group buy at cheap Get started at seor...",Fotojet Group Buy – Full Access
Fomoclips,Fomoclips Group Buy – Shared Account Cheap,Make videos easily by giving a prompt to Invideo AI. Invideo AI group buy. Ai plans full details at cheap prices. invideo group buy Get started at seordp.net.,Fomoclips Group Buy – Cheap Premium Access
Flexclip,Flexclip Group Buy – Unlimited Pro Access,"Copymatic ai Group buy, Copymatic is a powerful AI-powered copywriter tools, Copymatic Group buy, Copymatic Group buy on SEORDP",Flexclip Group Buy – Save on Premium Tools
Flaticon,Flaticon Group Buy – Premium at Low Price,"SurgeGraph group buy is your one-stop solution for SEO and AI Writing. With Longform AI, generate long-form content in minutes and grow your traffic, fast. Get st...",Flaticon Group Buy – Best Price
Findniche,Findniche Group Buy – Cheap Premium Access,SEMrush Group Buy is a tool that analyzes all indicators of a popular website - Price is 1$/month for Guru-Unlimited. SEMrush Group Buy. 😀 Get started at seordp.net.,Findniche Group Buy – Affordable Pro Access
Exploding Topics,Exploding Topics Group Buy – Pro Tools at Low Price,"WordAi Unlimited tool Rewrite & ai Detection - Group buy Cheap Price, Word ai Group buy, best group buy seo tools , Unlimited wordai all option Get started at seo...",Exploding Topics Group Buy – at Low Price
Everbee IO,Everbee IO Group Buy – Best Value | seordp,"Envato Elements Group Buy | Unlimited Download, Get it on Very Cheap Prices, No limit Envato Group Buy, Envato Elements Group Buy | SEORDP",Everbee IO Group Buy – Full Access
Everand,Everand Group Buy – Affordable Pro Access,"Freepik Group buy is a search engine that gives web designers and graphics access to image files, vectors, illustrations and PSD files for creative ... Get starte...",Everand Group Buy – Cheap Premium Access
Elevenlabs IO,Elevenlabs IO Group Buy – Low Price Full Access,"Jasper Ai Group Buy or Jarvis ai group buy helps Instantly generate high-quality copy for ads, emails, websites, listings, blogs, & more. SEORDP",Elevenlabs IO Group Buy – Save on Premium Tools
Educative,Educative Group Buy – Premium Plan Cheap,"frase.io Group buy | Unlimited Access | Frase Group buy, artificial intelligence and natural language processing Best ai, Frase Team Plan Group buy Get started at...",Educative Group Buy – Best Price
Dropship,Dropship Group Buy – Save Big on Pro Tools,"texta.ai Group Buy is a content writing tool that helps freelance writers, write better and faster. Texta.ai Group Buy With Unlimitted words just 3$ Get started a...",Dropship Group Buy – Affordable Pro Access
Dropispy,Dropispy Group Buy – Instant Pro Access | Group Buy SEO,"Pngtree is the best place to find free high-quality Png images, Backgrounds and Vector files. Pngtree group buy just $1 / month Pngtree Group buy Get started at s...",Dropispy Group Buy – at Low Price
Dreamart Image AI,Dreamart Image AI Group Buy – Best Price | seordp,Kapwing Group Buy Best Video editor - Price is 1$/month for Pro-Unlimited. Kapwing Group buy. 😀 Kapwing PRO Group Buy Get started at seordp.net.,Dreamart Image AI Group Buy – Full Access
Doodly,Doodly Group Buy – Full Features Cheap | Group Buy SEO Tools,"Ahrefs group buy is a service by cheap SEO tools websites. Ahrefs Group Buy, Do you want to buy Ahrefs Group Buy SEO Tools, #Free SEMrush Get started at seordp.net.",Doodly Group Buy – Cheap Premium Access
Domcop,Domcop Group Buy – Pro Access | seordp | Group Buy SEO Tools,Domcop group buy - access domain and SEO tools at low cost. Get instant access with group buy at seordp.net.,Domcop Group Buy – Save on Premium Tools
Dezygn,Dezygn Group Buy – Unlimited at Low Price,Dezygn group buy - design and creative tools at affordable price. Get instant access at seordp.net.,Dezygn Group Buy – Best Price
Designs AI,Designs AI Group Buy – Premium Low Cost | Group Buy SEO,Designs AI group buy - AI-powered design tools at low cost. Get instant access at seordp.net.,Designs AI Group Buy – Affordable Pro Access
Designbeast App Group Buy With 4 95 Per Month,Designbeast App Group Buy With 4 95 Per Month Group Buy –,"Copy AI Group Buy is a content writing tool that helps freelance writers, marketing teams, and social media experts write better and faster. Get started at seordp...",Designbeast App Group Buy With 4 95 Per Month at Low Price
Descript Tools,Descript Tools Group Buy – Pro Plan | seordp,"Quetext group buy, Unlimited Plagiarism Checker Group buy, Scan millions of websites and documents in seconds, Group buy Provider SEORDP",Descript Tools Group Buy – Full Access
Deepl,Deepl Group Buy – Best Price Low Cost | Group Buy SEO Tools,DeepL group buy - premium translation tool at affordable price. Get instant access at seordp.net.,Deepl Group Buy – Cheap Premium Access
Deepflush,Deepflush Group Buy – Save on Premium Tools | SEORDP,"Storyblocks Group Buy | Unlimited Download, Get it on Very Cheap Prices, No limit Storyblocks Group Buy, Storyblocks GroupBuy | SEORDP",Deepflush Group Buy – Save on Premium Tools
Deepbrid,Deepbrid Group Buy – Best Price | SEORDP,Rytr.me Group Buy | Unlimited Access | Rytr Group buy 3$ / month || Rytr.me's unlimited group buy! Rytr.me Unlimited Group buy | Rytr Group buy Get started at seo...,Deepbrid Group Buy – Best Price
Crunchyroll,Crunchyroll Group Buy – Affordable Pro Access | SEORDP,"Get Wordtune group buy at low price 1$ per month. ... in purchasing a discount wordtune group buy, please visit the following link: SEORDP.",Crunchyroll Group Buy – Affordable Pro Access
Crunchbase,Crunchbase Group Buy – Business Data at Low Cost | SEORDP,Crunchbase group buy - access business and company data at low cost. Get instant access at seordp.net.,Crunchbase Group Buy – at Low Price
Creativefearica,Creativefearica Group Buy – Full Access | SEORDP,Access premium SEO tools at seordp.net.,Creativefearica Group Buy – Full Access
Creator AI,Creator AI Group Buy – Cheap Premium Access | SEORDP,Access premium SEO tools at seordp.net.,Creator AI Group Buy – Cheap Premium Access
Crazy Egg,Crazy Egg Group Buy – Save on Premium Tools | SEORDP,Access premium SEO tools at seordp.net.,Crazy Egg Group Buy – Save on Premium Tools
Copyscape,Copyscape Group Buy – Best Price | SEORDP,Access premium SEO tools at seordp.net.,Copyscape Group Buy – Best Price
Copygenius,Copygenius Group Buy – Affordable Pro Access | SEORDP,"Discover the best group buy SEO tools providers in 2026. Compare top group buy sites like SEORDP & SEOShope. Save 95% on Ahrefs, SEMrush, Moz Pro & 50+ premium to...",Copygenius Group Buy – Affordable Pro Access
Affiliate Marketing,Affiliate Marketing Group Buy – at Low Price | SEORDP,"Buy Ahrefs Group Buy at â¹1899/month ($15). Get Site Explorer, Keywords Explorer, Content Explorer & Competitive Analysis. 50 daily credits, 99% uptime! Get star...",Affiliate Marketing Group Buy – at Low Price
Adsparo,Adsparo Group Buy – Full Access | SEORDP,"Get SEMrush Group Buy access at just $3/month. Use powerful Group Buy SEO Tools for keyword research, competitor analysis & site audits with instant access. Get s...",Adsparo Group Buy – Full Access
Adsector,Adsector Group Buy – Cheap Premium Access | SEORDP,"Get SEMrush Group Buy, Ahrefs Group Buy & 100+ premium SEO tools from just $5/mo. SEORDP delivers 99% uptime, instant access & 24/7 support.",Adsector – Cheap Premium Access
Adobe,Adobe Group Buy – Creative Cloud & Stock | SEORDP,Our Blogs Get started at seordp.net.,Adobe Group Buy – Save on Premium Tools
Adbeat,Adbeat Group Buy – Best Price | SEORDP,"Contact us only for general questions regarding the tools, and reporting technical problems. Get started at seordp.net.",Adbeat Group Buy – Best Price
Ad Ecommerce,Ad Ecommerce Group Buy – Affordable Pro Access | SEORDP,"Group buy seo tools provides includes Ahrefs, SEMrush with the cheapest price per month. #1 SEO Group buy service in market Get started at seordp.net.",Ad Ecommerce Group Buy – Affordable Pro Access
Acoya,Acoya Group Buy – at Low Price | SEORDP,Acoya group buy - SEO and marketing tools at affordable price. Get instant access at seordp.net.,Acoya Group Buy – at Low Price
Abacus,Abacus Group Buy – Premium Pro Access | Group Buy SEO Tools,Abacus group buy - AI writing tool at low cost. Get instant access at seordp.net.,Abacus Group Buy – Full Access
123rf,123rf Group Buy – Low Cost Full Access | Group Buy SEO Tools,Access premium SEO tools at seordp.net.,123rf Group Buy – Cheap Premium Access
Ad Adult,Ad Adult Group Buy – Affordable Full Access,"We made the entire site available to inexperienced bloggers, marketers, designers, and developers who couldn't afford premium tools. We are always dedicated Get s...",Ad Adult Group Buy – Save on Premium Tools
Prime Video,Prime Video Group Buy – Pro at Best Price,An Affiliate Program is a type of marketing program where a company gives commission or rewards to affiliates for each visitor or customer brought by the Get star...,Prime Video Group Buy – Best Price
Invideo AI,Invideo AI Group Buy – Full Access Cheap,Account credentials are never shared. We distribute access in a number of ways. The accounts' owner is informed of the entire procedure. We help bloggers in Get s...,Invideo AI Group Buy – Affordable Pro Access
Picsart PRO,Picsart PRO Group Buy – Premium Best Price,Picsart Pro group buy - photo editing and design at affordable price. Get instant access at seordp.net.,Picsart PRO Group Buy – at Low Price
Capcut PRO,Capcut PRO Group Buy – Cheap Pro Access | Group Buy SEO,CapCut Pro group buy - video editor and design tool at low cost. Get instant access at seordp.net.,Capcut PRO Group Buy – Full Access
Writesonic,Writesonic Group Buy – Low Price Pro Plan,Writesonic group buy - AI writing and copywriting at affordable price. Get instant access at seordp.net.,Writesonic Group Buy – Cheap Premium Access
Writerzen,Writerzen Group Buy – Unlimited Premium Access,"Unlock the power of RunwayML Pro with our shared group buy access â get all the premium features like AI Text-to-Video, Green Screen AI, Background Removal, and...",Writerzen Group Buy – Save on Premium Tools
Smartcopy,Smartcopy Group Buy – Best Value Access | Group Buy SEO,Get Spin Rewriter group buy at low price 1$ per month. Get Instant Access. Spin Rewriter group buy. Best group buy website Get started at seordp.net.,Smartcopy Group Buy – Best Price
Spin Rewriter AI,Spin Rewriter AI Group Buy – Pro Access Cheap,Get Article forge group buy at low price 6$ per month. Get Instant Access. Articleforge group buy Get started at seordp.net.,Spin Rewriter AI Group Buy – Affordable Pro Access
Hix AI,Hix AI Group Buy – Full Pro Plan | Group Buy SEO Tools,Article forge is the best tool for generating content and if you are looking to buy article forge with group buy this is the right place for you. Get started at s...,Hix AI Group Buy – at Low Price
Claude AI,Claude AI Group Buy – Premium Access | seordp,Get Rytr group buy at low price 6$ per month. Get Instant Access. Rytr group buy. Best group buy website Get started at seordp.net.,Claude AI Group Buy – Full Access
You Com,You Com Group Buy – Low Cost Premium | Group Buy SEO Tools,Get Vyond group buy at low price 3$ per month. Get Instant Access. Vyond group buy. Best group buy website Get started at seordp.net.,You Com Group Buy – Cheap Premium Access
Quetext,Quetext Group Buy – Cheap Pro Plan | Group Buy SEO Tools,"Join our ChatGPT Group Buy service and get access to ChatGPT Plus and other premium AI & SEO tools at a fraction of the cost. Save up to 80% with our secure, reli...",Quetext Group Buy – Save on Premium Tools
Seositecheckup,Seositecheckup Group Buy – Best Price Pro Access,Get Frase.io Unlimited with SEO Added at low price 5$ per month. Frase unlimited with seo addon group buy Get started at seordp.net.,Seositecheckup Group Buy – Best Price
Seoptimer,Seoptimer Group Buy – Affordable Pro Access | SEORDP,Udemy unlimited business account buy at cheap price just for 4$ per month. Watch unlimited content on Udemy at affordable cost. Get started at seordp.net.,Seoptimer Group Buy – Affordable Pro Access
Woorank,Woorank Group Buy – at Best Price | SEORDP,Get SpamZilla group buy at low price 3$ per month. Get Instant Access. SpamZilla group buy. Best group buy website Get started at seordp.net.,Woorank Group Buy – at Low Price
Serpstat,Serpstat Group Buy – Full Access | SEORDP,Get Quillbot group buy at low price 2$ per month. Get Instant Access. Quillbot group buy. Best group buy website Get started at seordp.net.,Serpstat Group Buy – Full Access
Storyblocks,Storyblocks Group Buy – Cheap Premium Access | SEORDP,"Helium10 group buy is a tool designed for sellers on Amazon who need help with SEO, product research, competitor analysis, and more. Get started at seordp.net.",Storyblocks Group Buy – Cheap Premium Access
Spyfu,Spyfu Group Buy – Save on Premium Tools | SEORDP,Get SpyFu group buy at low price 4$ per month. Get Instant Access. Spyfu group buy. Best group buy website Get started at seordp.net.,Spyfu Group Buy – Save on Premium Tools
Spamzilla,Spamzilla Group Buy – Best Price | SEORDP,Get Stock Unlimited group buy at low price 3$ per month. Get Instant Access. Stockunlimited group buy. Best group buy website Get started at seordp.net.,Spamzilla Group Buy – Best Price
Skills Share,Skills Share Group Buy – Affordable Pro Access | SEORDP,Get Rytr group buy at low price 5$ per month. Get Instant Access. Rytr group buy. Best group buy website Get started at seordp.net.,Skills Share Group Buy – Affordable Pro Access
SEO Profiler,SEO Profiler Group Buy – at Low Price | SEORDP,Copymatic is a powerful AI-powered copywriter tools and you can get this tool with group buy at cheap price at just 6$. Get started at seordp.net.,SEO Profiler Group Buy – at Low Price
SEMrush,SEMrush Group Buy – SEO Suite & Site Audit | SEORDP,Get Storyblocks group buy at low price 4$ per month. Get Instant Access. Storyblocks group buy. Best group buy website Get started at seordp.net.,SEMrush Group Buy – Full Access
Sellthetrend,Sellthetrend Group Buy – Cheap Premium Access | SEORDP,Get Wordhero Unlimited with Long-form editor at low price 5$ per month. Wordhero unlimited with Long-form editor group buy Get started at seordp.net.,Sellthetrend Group Buy – Cheap Premium Access
Salehoo,Salehoo Group Buy – Save on Premium Tools | SEORDP,Get Quetext group buy at low price 2$ per month. Get Instant Access. Quetext group buy. Best group buy website Get started at seordp.net.,Salehoo Group Buy – Save on Premium Tools
Quillbot,Quillbot Group Buy – Best Price | SEORDP,Get Lovepik group buy at low price 3$ per month. Get Instant Access. Lovepik group buy. Best group buy website Get started at seordp.net.,Quillbot Group Buy – Best Price
Pillbanana,Pillbanana Group Buy – Affordable Pro Access | SEORDP,Get Wordtune group buy at low price 3$ per month. Get Instant Access. Wordtune group buy. Best group buy website Get started at seordp.net.,Pillbanana Group Buy – Affordable Pro Access
Pexda,Pexda Group Buy – Best Price | SEORDP,Get Indexification group buy at low price 2$ per month. Get Instant Access. Indexification group buy. Best group buy website Get started at seordp.net.,Pexda Group Buy – at Low Price
Netflix,Netflix Group Buy – Full Access | SEORDP,Get Placeit group buy at low price 1$ per month. Get Instant Access. Placeit group buy. Best group buy website Get started at seordp.net.,Netflix Group Buy – Full Access
Moz,Moz Group Buy – Site Audit & Link Research | SEORDP,Get Iconscout group buy at low price 4$ per month. Get Instant Access. Iconscout group buy. Best group buy website Get started at seordp.net.,Moz Group Buy – Cheap Premium Access
Majestic,Majestic Group Buy – Premium Full Access,Get WriterZen group buy at low price 3$ per month. Get Instant Access. WriterZen group buy. Best group buy website Get started at seordp.net.,Majestic Group Buy – Save on Premium Tools
Kwfinder,Kwfinder Group Buy – Pro Low Price | Group Buy SEO Tools,Get Wordai Unlimited Groupbuy at low price 3$ per month. Wordai unlimited generation groupbuy at low price Get started at seordp.net.,Kwfinder Group Buy – Best Price
Keywordtool IO,Keywordtool IO Group Buy – Full Access | Pro,Get Moz Pro group buy at low price 2$ per month. Get Instant Access. Moz Pro group buy. Best group buy website Get started at seordp.net.,Keywordtool IO Group Buy – Affordable Pro Access
Jungle Scout,Jungle Scout Group Buy – Affordable Premium,"SEMrush vs Ahrefs: which SEO tool is better for your needs? Compare features, pricing, and value. Start ranking smarter today. Get started at seordp.net.",Jungle Scout Group Buy – at Low Price
Jasper,Jasper Group Buy – Low Price | seordp | Group Buy SEO Tools,"Learn what is SEMrush Pro, its features, pricing, use cases, and whether it's right for beginners, PPC research, and long-term SEO growth.!! Get started at seordp...",Jasper Group Buy – Full Access
Ispionage,Ispionage Group Buy – Unlimited Cheap | Group Buy SEO Tools,"Learn how to use Google Veo 3 without API or technical setup to create cinematic AI videos for YouTube, storytelling, and creative workflows. Get started at seord...",Ispionage Group Buy – Cheap Premium Access
Indexification,Indexification Group Buy – Premium Pro Plan,"Compare Google Veo 3 Fast vs Standard to choose the right mode for speed, quality, and YouTube content creation workflows and results. Get started at seordp.net.",Indexification Group Buy – Save on Premium Tools
Helium10,Helium10 Group Buy – Best Price Full Access,"Learn how to create YouTube videos using Google Veo 3 with AI visuals, smart prompts, editing workflows and YouTube-ready best practices. Get started at seordp.net.",Helium10 Group Buy – Best Price
Grammarly,Grammarly Group Buy – Pro Premium Access,"Google Veo 3 pricing depends on how and where you access it. There is no single flat price. Instead, Google Veo 3 is available through Google AI subscription Get ...",Grammarly Group Buy – Affordable Pro Access
Freepik,Freepik Group Buy – Full Access at Best Price,"If you are using CapCut and searching for how to download CapCut video without Pro, you are not alone. Thousands of creators, beginners, and freelancers want Get ...",Freepik Group Buy – at Low Price
Envato Elements,Envato Elements Group Buy – Cheap Best Price,"Discover what’s better than CapCut and explore top alternatives like DaVinci Resolve, Filmora, VEED.IO, and more to upgrade your editing skills. Get started at se...",Envato Elements Group Buy – Full Access
Ecomhunt,Ecomhunt Group Buy – Low Cost | seordp | Group Buy SEO Tools,"Can you do SEO with AI? Learn how AI tools boost research, content creation, and improve strategy while keeping human expertise essential. Get started at seordp.net.",Ecomhunt Group Buy – Cheap Premium Access
Combo SEO Tools Standard Plan,Combo SEO Tools Standard Plan Group Buy – Premium Instant,"Discover the best tool to create videos in 2025, including CapCut Pro, ElevenLabs AI, Veo 3, and Adobe Premiere — available on SEORDP.",Combo SEO Tools Standard Plan Group Buy – Save on Premium Tools
Combo SEO Tools Lite Plan,Combo SEO Tools Lite Plan Group Buy – Pro Unlimited Access,"Remember that time you spent hours researching something online, only to find yourself buried in irrelevant search results? Frustrating, right? Well, that's Get s...",Combo SEO Tools Lite Plan Group Buy – Best Price
Chatgpt,Chatgpt Group Buy – Best Value Low Price,"Remember that time you spent hours reaching out to influencers, only to get radio silence? It's a frustrating situation many marketers face. Luckily, tools Get st...",Chatgpt Group Buy – Affordable Pro Access
Cbengine,Cbengine Group Buy – Full Premium Access,"Ever feel like you're staring into a content abyss, unsure of what your audience actually wants to read? You're not alone! Many content creators struggle to Get s...",Cbengine Group Buy – at Low Price
Canva,Canva Group Buy – Affordable Best Price | Group Buy SEO,"Remember that time you spent hours creating the perfect website, only to find crickets chirping when it came to traffic? It's a frustrating situation that Get sta...",Canva Group Buy – Full Access
Buzzsumo,Buzzsumo Group Buy – Content Research & Backlinks | SEORDP,"Remember that time you spent hours creating the perfect blog post, only to be met with crickets? You poured your heart and soul into the content, but nobody Get s...",Buzzsumo Group Buy – Cheap Premium Access
Buzzstream,Buzzstream Group Buy – Save on Premium Tools | SEORDP,"Ever felt lost in the digital jungle, battling competitors you can't quite size up? Imagine you're selling handmade jewelry online, and suddenly, your top Get sta...",Buzzstream Group Buy – Save on Premium Tools
Article Forge,Article Forge Group Buy – Best Price | SEORDP,"Ever feel lost in the SEO maze, unsure how to make your website shine? Picture this: you've poured your heart into creating amazing content, but nobody seems Get ...",Article Forge Group Buy – Best Price
Article Builder,Article Builder Group Buy – Affordable Pro Access | SEORDP,"Remember that time you spent hours optimizing your website, only to see your competitors rank higher? Frustrating, right? It's a common experience, but the Get st...",Article Builder Group Buy – Affordable Pro Access
Surfer SEO,Surfer SEO Group Buy – Content Optimization | SEORDP,"Picture this: You're launching a new website, brimming with great content, but crickets. No traffic, no clicks, nothing. You’ve put in the work, but where are Get...",Surfer SEO Group Buy – at Low Price
Ubersuggest,Ubersuggest Group Buy – Full Access | SEORDP,"Remember that time you spent hours crafting the perfect blog post, only to see it languish on page five of Google? Frustrating, right? You're not alone. Many Get ...",Ubersuggest Group Buy – Full Access
Runwayml,Runwayml Group Buy – Cheap Premium Access | SEORDP,"Imagine you're building a LEGO castle. You put all the bricks together, but the roof keeps falling off. Frustrating, right? That's how it feels when your Get star...",Runwayml Group Buy – Cheap Premium Access
Notion,Notion Group Buy – Save on Premium Tools | SEORDP,"Imagine you're trying to build the coolest treehouse on the block. You need strong materials, right? Well, in the online world, your website is like that Get star...",Notion Group Buy – Save on Premium Tools
Spotify,Spotify Group Buy – Best Price | SEORDP,"Imagine you're baking a cake. You follow the recipe (your content), but somehow, it doesn't rise right (your website isn't ranking). That's where a tool comes Get...",Spotify Group Buy – Best Price
Mailchimp,Mailchimp Group Buy – Affordable Pro Access | SEORDP,"Remember the last time you searched for something online? Maybe you wanted to find the best pizza place near you, or perhaps you were looking up how to bake a Get...",Mailchimp Group Buy – Affordable Pro Access
Hootsuite,Hootsuite Group Buy – at Low Price | SEORDP,"Remember that time you spent hours trying to figure out why your website wasn't showing up on Google? Frustrating, right? You're not alone. Many businesses Get st...",Hootsuite Group Buy – at Low Price
Figma,Figma Group Buy – Design & Prototyping | SEORDP,"Remember that time you tried to find the perfect pizza place online, and the top results were all for places miles away? Frustrating, right? That's the impact Get...",Figma Group Buy – Full Access
Hubspot,Hubspot Group Buy – CRM & Marketing | SEORDP,"The INI to YAML Converter by SEORDP is a smart, online utility that transforms configuration files from the classic INI format into the modern",Hubspot Group Buy – Cheap Premium Access
Midjourney,Midjourney Group Buy – AI Art & Images | SEORDP,"Learn how to convert website visitors using Garage2Global’s advanced strategies in UX, SEO, behavioral targeting, and CRO. Perfect for startups, marketers, and bu...",Midjourney Group Buy – Save on Premium Tools
Leonardo AI,Leonardo AI Group Buy – Best Price | SEORDP,"In a world where content creation demands personality, diversity, and emotional depth, the ability to switch between two distinct AI voices in one script is Get s...",Leonardo AI Group Buy – Best Price
Coursera PLUS,Coursera PLUS Group Buy – Affordable Pro Access | SEORDP,"If you're looking for powerful, user-friendly, or budget-friendly ElevenLabs alternatives, you're in the right place. Below, I’ll break down 7 trusted tools Get s...",Coursera PLUS Group Buy – Affordable Pro Access
Udemy,Udemy Group Buy – Premium at Best Price | Group Buy SEO,"Discover why content creators and experts are calling ElevenLabs AI the best text-to-speech AI available today. A comprehensive review by Mr. Isloo, founder of SE...",Udemy Group Buy – at Low Price
Turnitin,Turnitin Group Buy – Low Price Unlimited,"In the rapidly changing world of search engine optimization (SEO), mastering keyword research is essential. As we near 2024, the leading keyword Get started at se...",Turnitin Group Buy – Full Access
Wordhero,Wordhero Group Buy – Pro Full Access | Group Buy SEO Tools,Plot Size Calculator Get started at seordp.net.,Wordhero Group Buy – Cheap Premium Access
Scribd,Scribd Group Buy – Cheap Unlimited Access,"If you're a student diving into the world of graphic design or just looking to polish your skills, choosing the right tools can significantly enhance your Get sta...",Scribd Group Buy – Save on Premium Tools
Prezi,Prezi Group Buy – Best Price Premium | Group Buy SEO Tools,"In today’s digital age, having the right tools can significantly enhance your productivity and creativity, whether you’re dealing with SEO, graphic design, Get st...",Prezi Group Buy – Best Price
Epidemic Sound,Epidemic Sound Group Buy – Full Low Cost,Are you a digital marketer looking to dip your toes into the world of SEO but don't know where to start? You're not alone. With an overwhelming amount of Get star...,Epidemic Sound Group Buy – Affordable Pro Access
